user_id,session_id,timestamp,page_views,traffic_source,duration,bounce_rate,conversion,device_type,source_medium
1,1,6/15/2021,421,referral,2624,64.83,false,desktop,direct/none
2,2,9/15/2021,666,organic,2777,40.94,false,tablet,google/cpc
3,3,3/10/2021,375,organic,1545,15.96,true,desktop,direct/none
4,4,2/25/2021,457,referral,828,85.89,false,desktop,google/cpc
5,5,10/3/2021,303,referral,264,49.36,true,tablet,facebook/referral
6,6,11/19/2021,570,referral,1896,60.52,true,mobile,direct/none
7,7,3/15/2021,204,organic,295,44.46,false,mobile,direct/none
8,8,2/19/2021,545,organic,1627,4.65,false,desktop,google/cpc
9,9,12/11/2021,899,referral,3339,70.72,false,tablet,google/cpc
10,10,2/9/2021,576,referral,659,27.11,true,desktop,google/cpc
11,11,6/18/2021,934,organic,359,83.7,false,desktop,direct/none
12,12,8/8/2021,900,referral,1949,82.86,false,mobile,direct/none
13,13,2/1/2021,845,organic,2457,50.89,true,desktop,facebook/referral
14,14,5/23/2021,163,direct,3204,42.6,false,mobile,facebook/referral
15,15,7/6/2021,183,direct,3043,30.92,true,tablet,facebook/referral
16,16,8/2/2021,361,referral,1077,99.27,false,tablet,facebook/referral
17,17,1/3/2021,179,referral,3222,28.98,true,mobile,google/cpc
18,18,12/26/2021,215,organic,3395,4.73,true,desktop,google/cpc
19,19,11/1/2021,463,direct,1783,20.66,false,mobile,google/cpc
20,20,3/3/2021,281,direct,3384,71.14,true,mobile,google/cpc
21,21,4/13/2021,952,direct,2990,15.05,true,desktop,direct/none
22,22,8/30/2021,847,referral,1393,48.65,true,desktop,facebook/referral
23,23,10/13/2021,570,organic,3029,19.91,false,desktop,direct/none
24,24,7/9/2021,815,organic,1905,23.48,false,tablet,direct/none
25,25,12/26/2021,217,direct,2016,82.74,false,desktop,google/cpc
26,26,4/28/2021,648,organic,401,66.55,true,tablet,facebook/referral
27,27,2/15/2021,19,referral,2721,21.58,false,mobile,facebook/referral
28,28,7/22/2021,209,direct,2641,87.72,true,desktop,direct/none
29,29,11/3/2021,746,organic,2254,43.33,false,tablet,google/cpc
30,30,4/19/2021,28,referral,599,13.26,true,mobile,google/cpc
31,31,6/5/2021,856,organic,2651,37.73,false,tablet,direct/none
32,32,7/16/2021,256,organic,3489,1.49,false,mobile,google/cpc
33,33,2/17/2021,56,referral,164,10.37,true,tablet,direct/none
34,34,6/8/2021,316,direct,2190,68.99,true,mobile,facebook/referral
35,35,6/19/2021,894,organic,1094,33.79,false,mobile,google/cpc
36,36,8/16/2021,852,referral,58,93.69,false,mobile,facebook/referral
37,37,12/1/2021,796,organic,304,38.33,false,desktop,facebook/referral
38,38,4/4/2021,23,direct,1559,54.47,true,tablet,google/cpc
39,39,8/20/2021,927,referral,2231,66.21,false,mobile,direct/none
40,40,5/18/2021,700,direct,2390,63.55,true,mobile,direct/none
41,41,9/13/2021,765,direct,3295,81.81,true,desktop,facebook/referral
42,42,7/5/2021,911,referral,3487,79.72,false,tablet,google/cpc
43,43,5/12/2021,914,direct,1182,45.82,true,mobile,facebook/referral
44,44,6/27/2021,867,organic,2698,47.95,false,desktop,facebook/referral
45,45,3/25/2021,786,organic,1035,50.77,true,tablet,google/cpc
46,46,6/4/2021,882,direct,184,47.96,false,mobile,facebook/referral
47,47,2/4/2021,897,organic,1273,39.01,true,tablet,direct/none
48,48,7/2/2021,49,referral,191,64.5,false,tablet,google/cpc
49,49,2/14/2021,334,organic,2234,66.56,true,tablet,direct/none
50,50,10/21/2021,6,referral,1721,18.13,false,desktop,facebook/referral
51,51,8/16/2021,810,referral,3381,84.87,false,desktop,google/cpc
52,52,3/6/2021,720,referral,3166,34.62,false,mobile,facebook/referral
53,53,8/29/2021,764,referral,2402,58.92,true,mobile,google/cpc
54,54,4/16/2021,257,direct,3281,87.21,true,desktop,facebook/referral
55,55,5/26/2021,399,direct,3087,50.39,false,desktop,direct/none
56,56,7/12/2021,939,organic,2326,44.39,false,mobile,facebook/referral
57,57,12/30/2021,819,organic,2147,20.93,true,tablet,direct/none
58,58,4/18/2021,870,organic,271,24.67,false,tablet,facebook/referral
59,59,7/25/2021,243,organic,14,6.66,true,mobile,facebook/referral
60,60,9/1/2021,671,referral,3512,43.28,true,mobile,facebook/referral
61,61,3/25/2021,812,referral,850,33.09,false,mobile,facebook/referral
62,62,11/26/2021,321,referral,1006,67.0,true,tablet,facebook/referral
63,63,5/2/2021,130,direct,306,93.68,false,tablet,direct/none
64,64,3/2/2021,88,referral,1533,23.2,false,desktop,direct/none
65,65,9/2/2021,307,direct,3115,27.88,false,mobile,google/cpc
66,66,1/26/2021,914,organic,1321,72.27,false,desktop,google/cpc
67,67,7/1/2021,761,organic,1010,35.12,false,mobile,direct/none
68,68,1/20/2021,712,organic,1155,69.45,true,tablet,facebook/referral
69,69,11/13/2021,441,referral,2390,53.64,false,tablet,direct/none
70,70,6/6/2021,825,referral,3291,89.1,false,desktop,google/cpc
71,71,2/4/2021,405,organic,3437,74.29,false,mobile,direct/none
72,72,7/5/2021,777,direct,1387,4.07,true,desktop,facebook/referral
73,73,9/10/2021,843,organic,1031,39.19,false,desktop,google/cpc
74,74,5/15/2021,46,organic,2924,69.21,false,tablet,direct/none
75,75,1/15/2021,453,organic,2773,68.59,true,desktop,facebook/referral
76,76,10/27/2021,294,referral,798,94.28,true,tablet,direct/none
77,77,7/21/2021,551,organic,1395,79.75,true,mobile,facebook/referral
78,78,7/24/2021,433,organic,1853,65.85,true,mobile,direct/none
79,79,9/23/2021,989,organic,2705,2.93,true,tablet,google/cpc
80,80,12/11/2021,659,organic,1735,41.4,false,tablet,facebook/referral
81,81,8/26/2021,956,organic,3121,0.69,true,desktop,direct/none
82,82,12/9/2021,541,referral,1676,10.86,true,desktop,direct/none
83,83,10/31/2021,168,direct,1324,75.38,true,tablet,direct/none
84,84,6/16/2021,674,organic,190,90.92,false,desktop,facebook/referral
85,85,4/28/2021,237,organic,1094,75.01,false,mobile,google/cpc
86,86,3/27/2021,995,direct,3354,39.01,true,tablet,direct/none
87,87,4/30/2021,520,direct,874,20.34,false,tablet,facebook/referral
88,88,11/25/2021,530,organic,457,29.11,true,desktop,google/cpc
89,89,12/22/2021,449,organic,1403,0.89,false,desktop,facebook/referral
90,90,2/10/2021,991,referral,556,29.01,false,mobile,direct/none
91,91,11/17/2021,473,organic,2541,2.86,true,mobile,facebook/referral
92,92,3/11/2021,368,organic,1312,46.28,false,mobile,google/cpc
93,93,6/8/2021,905,direct,3276,15.7,true,tablet,facebook/referral
94,94,7/24/2021,81,referral,3135,43.53,true,desktop,google/cpc
95,95,8/27/2021,407,direct,68,1.01,true,tablet,google/cpc
96,96,5/6/2021,51,referral,560,92.24,true,tablet,facebook/referral
97,97,6/3/2021,534,referral,2811,56.95,false,desktop,facebook/referral
98,98,9/23/2021,363,referral,3487,1.13,false,desktop,facebook/referral
99,99,1/9/2021,189,direct,510,86.08,true,mobile,direct/none
100,100,8/28/2021,173,referral,738,75.93,false,mobile,google/cpc
101,101,10/31/2021,929,direct,566,38.95,false,mobile,facebook/referral
102,102,2/17/2021,459,direct,1981,68.6,false,tablet,direct/none
103,103,11/27/2021,481,direct,927,90.53,true,mobile,facebook/referral
104,104,5/22/2021,46,organic,2067,97.0,true,desktop,facebook/referral
105,105,7/2/2021,206,organic,1757,95.75,true,desktop,facebook/referral
106,106,10/6/2021,692,direct,1679,65.57,true,mobile,direct/none
107,107,10/2/2021,857,organic,19,85.81,false,desktop,direct/none
108,108,1/17/2021,87,referral,3565,50.43,false,mobile,direct/none
109,109,7/21/2021,273,organic,2180,22.83,false,mobile,google/cpc
110,110,5/2/2021,613,referral,2229,55.35,true,tablet,facebook/referral
111,111,6/6/2021,121,direct,818,86.5,true,mobile,facebook/referral
112,112,3/30/2021,412,referral,601,77.5,true,desktop,direct/none
113,113,8/31/2021,25,referral,3142,69.98,false,desktop,facebook/referral
114,114,3/17/2021,804,organic,1602,50.28,false,mobile,facebook/referral
115,115,3/4/2021,699,referral,1288,76.91,true,desktop,google/cpc
116,116,6/24/2021,349,referral,2746,62.13,false,mobile,google/cpc
117,117,10/7/2021,801,organic,2249,75.4,false,mobile,direct/none
118,118,3/29/2021,461,referral,447,25.97,true,mobile,facebook/referral
119,119,3/4/2021,820,organic,367,62.2,false,mobile,facebook/referral
120,120,5/10/2021,799,referral,1090,30.32,true,mobile,direct/none
121,121,9/19/2021,137,organic,2932,74.85,true,desktop,direct/none
122,122,11/21/2021,798,organic,152,13.95,true,tablet,google/cpc
123,123,12/25/2021,210,organic,1559,28.66,false,tablet,facebook/referral
124,124,7/9/2021,972,direct,1241,42.14,false,desktop,direct/none
125,125,4/19/2021,243,organic,3215,61.52,false,mobile,facebook/referral
126,126,2/21/2021,799,direct,3101,24.73,false,desktop,direct/none
127,127,8/5/2021,422,direct,2810,29.96,false,desktop,google/cpc
128,128,10/17/2021,124,referral,2032,23.03,true,desktop,facebook/referral
129,129,1/27/2021,532,direct,2463,19.93,true,mobile,direct/none
130,130,8/26/2021,520,referral,711,67.86,true,mobile,facebook/referral
131,131,11/3/2021,213,referral,2655,54.75,true,desktop,direct/none
132,132,6/5/2021,572,direct,1032,81.99,true,mobile,facebook/referral
133,133,12/24/2021,835,direct,1794,41.61,false,mobile,google/cpc
134,134,4/13/2021,115,organic,1082,23.6,false,desktop,direct/none
135,135,10/9/2021,358,direct,747,95.73,true,tablet,facebook/referral
136,136,9/15/2021,495,referral,3433,57.93,true,tablet,facebook/referral
137,137,9/29/2021,904,referral,891,34.25,false,tablet,direct/none
138,138,7/16/2021,658,direct,8,12.47,true,mobile,facebook/referral
139,139,1/17/2021,508,referral,2259,71.64,true,mobile,direct/none
140,140,5/6/2021,36,referral,558,54.64,true,tablet,direct/none
141,141,2/9/2021,394,direct,1445,85.8,true,mobile,facebook/referral
142,142,5/6/2021,952,organic,971,7.78,true,tablet,google/cpc
143,143,6/10/2021,49,referral,1623,36.76,true,mobile,direct/none
144,144,3/8/2021,555,referral,350,27.76,true,mobile,google/cpc
145,145,9/7/2021,340,direct,140,88.71,true,tablet,google/cpc
146,146,1/12/2021,638,direct,519,90.2,false,mobile,direct/none
147,147,9/27/2021,147,referral,474,36.7,true,mobile,facebook/referral
148,148,1/2/2021,581,direct,2785,24.43,true,tablet,direct/none
149,149,9/1/2021,651,direct,1996,45.74,false,mobile,google/cpc
150,150,5/5/2021,672,referral,108,18.54,true,tablet,direct/none
151,151,12/7/2021,53,referral,1503,8.57,true,desktop,direct/none
152,152,11/21/2021,488,direct,1111,77.54,false,mobile,google/cpc
153,153,10/26/2021,353,referral,2066,59.9,false,mobile,direct/none
154,154,8/14/2021,480,referral,502,2.63,false,desktop,google/cpc
155,155,3/15/2021,497,referral,225,98.51,true,tablet,direct/none
156,156,5/13/2021,305,organic,1323,98.5,false,tablet,google/cpc
157,157,5/6/2021,223,referral,1008,54.9,true,tablet,facebook/referral
158,158,6/24/2021,918,organic,426,36.66,true,tablet,direct/none
159,159,7/8/2021,222,direct,671,11.76,true,mobile,facebook/referral
160,160,11/3/2021,800,referral,1890,70.13,true,mobile,facebook/referral
161,161,2/18/2021,293,organic,1238,90.34,false,tablet,google/cpc
162,162,2/13/2021,72,direct,2942,15.25,true,desktop,google/cpc
163,163,7/27/2021,615,direct,2482,77.24,true,desktop,facebook/referral
164,164,10/28/2021,450,direct,697,66.27,true,tablet,direct/none
165,165,11/22/2021,982,organic,1660,33.86,false,desktop,facebook/referral
166,166,4/6/2021,471,referral,3550,81.07,false,mobile,facebook/referral
167,167,1/9/2021,577,direct,2846,11.35,true,mobile,direct/none
168,168,3/18/2021,304,referral,410,63.99,true,tablet,facebook/referral
169,169,7/25/2021,721,direct,1208,33.06,false,mobile,facebook/referral
170,170,7/24/2021,841,organic,288,56.09,true,desktop,direct/none
171,171,1/4/2021,725,direct,131,7.09,false,mobile,direct/none
172,172,10/22/2021,865,referral,804,20.33,false,mobile,google/cpc
173,173,12/13/2021,944,referral,3270,85.11,false,tablet,facebook/referral
174,174,8/2/2021,358,referral,1276,40.16,true,desktop,facebook/referral
175,175,12/11/2021,950,organic,1005,10.76,true,mobile,google/cpc
176,176,1/26/2021,570,referral,3592,62.82,false,desktop,google/cpc
177,177,3/5/2021,969,organic,2214,6.02,false,mobile,google/cpc
178,178,11/24/2021,529,direct,864,13.48,true,desktop,direct/none
179,179,12/26/2021,451,referral,2639,81.12,true,tablet,direct/none
180,180,9/2/2021,109,direct,1350,48.61,false,desktop,direct/none
181,181,12/24/2021,436,referral,574,8.37,true,mobile,facebook/referral
182,182,1/26/2021,249,referral,2328,32.64,true,tablet,facebook/referral
183,183,7/18/2021,533,organic,2543,1.4,true,desktop,facebook/referral
184,184,5/11/2021,207,organic,2185,98.93,true,desktop,direct/none
185,185,1/19/2021,423,organic,1045,67.6,true,mobile,direct/none
186,186,4/30/2021,929,direct,2276,78.77,false,tablet,facebook/referral
187,187,1/7/2021,83,referral,1560,54.5,false,tablet,google/cpc
188,188,2/16/2021,90,organic,580,56.21,true,desktop,google/cpc
189,189,11/30/2021,274,referral,1631,36.47,false,desktop,google/cpc
190,190,7/2/2021,767,referral,2617,37.65,false,desktop,google/cpc
191,191,2/14/2021,342,organic,2242,24.03,true,desktop,google/cpc
192,192,7/13/2021,773,direct,2013,5.39,true,tablet,facebook/referral
193,193,10/10/2021,320,referral,1089,41.97,false,mobile,facebook/referral
194,194,7/17/2021,980,organic,659,68.21,true,mobile,google/cpc
195,195,4/3/2021,957,direct,1073,25.8,false,desktop,direct/none
196,196,10/4/2021,770,organic,2171,9.91,true,desktop,facebook/referral
197,197,10/18/2021,909,referral,1044,84.73,true,mobile,direct/none
198,198,12/3/2021,701,organic,3505,96.86,false,tablet,facebook/referral
199,199,5/10/2021,607,referral,2457,76.19,true,desktop,facebook/referral
200,200,5/10/2021,557,direct,1963,12.5,false,tablet,google/cpc
201,201,11/22/2021,631,organic,2988,99.29,false,mobile,direct/none
202,202,10/23/2021,166,direct,37,44.63,false,desktop,direct/none
203,203,10/2/2021,841,organic,1162,93.09,true,mobile,facebook/referral
204,204,8/5/2021,471,organic,3351,76.65,true,mobile,facebook/referral
205,205,5/23/2021,399,referral,3082,40.53,true,tablet,google/cpc
206,206,4/23/2021,111,direct,1301,88.39,false,desktop,direct/none
207,207,5/24/2021,930,referral,2107,68.36,true,mobile,direct/none
208,208,2/10/2021,730,organic,1553,7.83,true,desktop,google/cpc
209,209,1/2/2021,673,organic,1496,24.75,false,desktop,facebook/referral
210,210,7/29/2021,354,organic,2325,74.47,false,mobile,direct/none
211,211,12/9/2021,687,referral,178,6.41,true,mobile,facebook/referral
212,212,6/21/2021,531,organic,2427,22.79,false,tablet,google/cpc
213,213,7/15/2021,77,direct,1320,36.64,true,tablet,direct/none
214,214,9/21/2021,747,direct,1887,44.71,false,tablet,direct/none
215,215,7/5/2021,921,direct,235,82.56,true,tablet,direct/none
216,216,6/19/2021,513,direct,1997,22.47,true,tablet,google/cpc
217,217,9/9/2021,705,referral,3346,50.08,false,desktop,facebook/referral
218,218,5/23/2021,899,organic,2414,47.54,false,mobile,facebook/referral
219,219,8/23/2021,990,direct,162,53.01,true,desktop,google/cpc
220,220,2/13/2021,360,direct,2822,0.18,true,tablet,direct/none
221,221,1/30/2021,879,referral,738,28.12,true,desktop,facebook/referral
222,222,10/4/2021,539,direct,568,59.7,false,mobile,direct/none
223,223,2/27/2021,591,direct,1875,55.17,true,mobile,google/cpc
224,224,12/15/2021,906,organic,2789,62.01,true,tablet,facebook/referral
225,225,4/13/2021,262,referral,3584,75.28,true,tablet,google/cpc
226,226,11/29/2021,157,referral,2630,15.07,false,desktop,direct/none
227,227,3/16/2021,209,direct,3584,1.49,true,tablet,direct/none
228,228,7/7/2021,515,referral,924,36.08,true,tablet,direct/none
229,229,11/5/2021,670,direct,1249,7.01,true,desktop,facebook/referral
230,230,9/11/2021,133,organic,2731,55.77,true,mobile,facebook/referral
231,231,12/27/2021,809,organic,1808,18.39,true,desktop,google/cpc
232,232,4/21/2021,461,direct,631,33.2,true,tablet,google/cpc
233,233,1/28/2021,45,referral,1221,94.44,false,tablet,google/cpc
234,234,3/18/2021,608,referral,2937,18.38,true,tablet,direct/none
235,235,5/21/2021,394,organic,607,63.99,false,tablet,direct/none
236,236,5/30/2021,877,direct,3133,52.44,true,desktop,facebook/referral
237,237,12/22/2021,976,organic,3223,14.7,true,mobile,direct/none
238,238,4/7/2021,178,referral,3245,0.72,true,mobile,facebook/referral
239,239,8/12/2021,582,direct,2986,79.61,true,desktop,direct/none
240,240,3/21/2021,68,referral,1047,30.45,false,mobile,google/cpc
241,241,2/12/2021,320,referral,1955,97.38,true,desktop,facebook/referral
242,242,7/9/2021,640,direct,3003,6.41,false,tablet,direct/none
243,243,7/25/2021,85,referral,1210,40.03,false,desktop,google/cpc
244,244,7/22/2021,13,organic,927,27.94,true,mobile,direct/none
245,245,2/2/2021,835,referral,3045,6.76,true,tablet,direct/none
246,246,10/11/2021,813,organic,2882,11.52,true,tablet,google/cpc
247,247,10/11/2021,153,organic,975,72.88,false,desktop,facebook/referral
248,248,12/23/2021,795,referral,1980,84.21,true,tablet,direct/none
249,249,4/3/2021,10,organic,3196,74.43,false,desktop,direct/none
250,250,12/29/2021,170,direct,1104,55.07,true,tablet,direct/none
251,251,6/28/2021,228,direct,1587,60.65,true,mobile,direct/none
252,252,1/10/2021,242,direct,882,71.91,true,desktop,google/cpc
253,253,8/2/2021,502,organic,2020,14.7,false,desktop,google/cpc
254,254,5/2/2021,73,organic,3204,40.04,false,mobile,facebook/referral
255,255,12/29/2021,177,direct,2197,16.99,false,mobile,direct/none
256,256,2/12/2021,536,organic,1479,8.33,true,mobile,facebook/referral
257,257,12/21/2021,53,organic,210,27.35,true,tablet,direct/none
258,258,7/14/2021,771,referral,459,77.54,false,mobile,google/cpc
259,259,10/20/2021,596,organic,1156,70.42,false,mobile,direct/none
260,260,1/30/2021,130,organic,1234,96.79,true,desktop,google/cpc
261,261,10/17/2021,711,direct,3260,20.77,true,tablet,facebook/referral
262,262,10/12/2021,417,direct,1879,11.61,false,desktop,facebook/referral
263,263,3/22/2021,836,referral,2866,43.51,false,desktop,facebook/referral
264,264,9/9/2021,502,organic,317,19.65,false,tablet,google/cpc
265,265,2/10/2021,94,referral,3565,78.73,true,tablet,direct/none
266,266,7/1/2021,247,referral,1446,27.3,true,tablet,google/cpc
267,267,2/11/2021,716,organic,252,35.03,true,mobile,direct/none
268,268,12/14/2021,891,organic,1018,3.38,false,mobile,google/cpc
269,269,11/12/2021,107,organic,917,53.62,true,mobile,direct/none
270,270,2/6/2021,314,organic,1668,26.37,false,desktop,google/cpc
271,271,11/28/2021,302,organic,636,68.26,false,mobile,facebook/referral
272,272,1/13/2021,758,direct,3335,54.36,true,tablet,google/cpc
273,273,1/21/2021,585,referral,96,19.01,false,tablet,direct/none
274,274,4/11/2021,871,direct,2588,29.21,true,tablet,facebook/referral
275,275,10/31/2021,219,direct,991,60.24,false,mobile,facebook/referral
276,276,4/14/2021,47,organic,2065,51.48,true,desktop,google/cpc
277,277,11/29/2021,775,organic,3469,20.03,false,mobile,google/cpc
278,278,4/2/2021,600,direct,755,51.65,false,desktop,facebook/referral
279,279,7/5/2021,178,organic,1567,20.95,false,desktop,direct/none
280,280,2/5/2021,66,referral,2167,40.46,false,desktop,direct/none
281,281,2/15/2021,315,referral,3304,8.7,true,mobile,google/cpc
282,282,6/28/2021,433,organic,1714,54.91,false,tablet,facebook/referral
283,283,6/17/2021,47,organic,1413,17.31,true,desktop,facebook/referral
284,284,11/21/2021,241,referral,753,21.29,false,mobile,google/cpc
285,285,3/8/2021,870,organic,1162,67.2,false,desktop,google/cpc
286,286,9/10/2021,756,organic,1429,30.14,false,mobile,google/cpc
287,287,12/13/2021,43,organic,2804,57.28,true,mobile,direct/none
288,288,10/16/2021,20,direct,955,23.85,true,tablet,google/cpc
289,289,7/21/2021,900,referral,741,52.51,true,tablet,facebook/referral
290,290,1/8/2021,915,referral,2301,99.14,false,desktop,facebook/referral
291,291,11/26/2021,441,direct,1846,16.72,false,mobile,direct/none
292,292,1/18/2021,334,direct,1969,86.45,true,tablet,facebook/referral
293,293,2/3/2021,13,organic,1402,52.69,true,tablet,google/cpc
294,294,12/3/2021,944,referral,3544,97.74,true,desktop,direct/none
295,295,3/29/2021,49,organic,1786,41.03,false,tablet,direct/none
296,296,12/24/2021,471,organic,3236,19.67,true,desktop,facebook/referral
297,297,11/13/2021,552,organic,3596,83.39,true,tablet,direct/none
298,298,1/15/2021,436,direct,2064,2.43,false,desktop,google/cpc
299,299,8/2/2021,459,direct,1619,77.64,true,tablet,direct/none
300,300,12/12/2021,558,organic,1240,15.39,true,desktop,facebook/referral
301,301,8/25/2021,977,referral,1297,83.4,true,desktop,facebook/referral
302,302,2/4/2021,58,referral,2749,99.88,false,desktop,facebook/referral
303,303,6/29/2021,460,referral,1025,0.3,true,tablet,google/cpc
304,304,1/2/2021,670,direct,1662,3.14,true,desktop,facebook/referral
305,305,11/8/2021,921,referral,1727,4.88,false,tablet,direct/none
306,306,1/22/2021,972,direct,3054,95.26,true,desktop,direct/none
307,307,5/5/2021,640,referral,2251,27.36,true,desktop,direct/none
308,308,7/23/2021,582,referral,3384,40.07,false,mobile,google/cpc
309,309,2/19/2021,877,organic,1898,44.16,true,desktop,facebook/referral
310,310,5/5/2021,789,organic,319,0.14,true,desktop,facebook/referral
311,311,10/4/2021,919,organic,1378,59.49,false,tablet,google/cpc
312,312,8/13/2021,998,organic,3455,7.96,true,mobile,direct/none
313,313,7/11/2021,189,direct,160,89.5,true,tablet,google/cpc
314,314,7/27/2021,923,organic,3578,84.06,true,tablet,google/cpc
315,315,11/27/2021,352,direct,2059,50.82,false,mobile,facebook/referral
316,316,11/21/2021,35,organic,9,58.17,false,tablet,google/cpc
317,317,11/19/2021,36,organic,597,81.55,true,tablet,google/cpc
318,318,7/21/2021,943,referral,2488,3.25,true,tablet,facebook/referral
319,319,4/1/2021,351,referral,2299,84.65,true,tablet,google/cpc
320,320,7/28/2021,104,organic,2625,52.57,false,desktop,google/cpc
321,321,2/7/2021,355,referral,2976,1.66,false,tablet,facebook/referral
322,322,8/17/2021,529,referral,280,36.37,false,mobile,google/cpc
323,323,5/7/2021,501,direct,3123,25.08,true,mobile,facebook/referral
324,324,9/16/2021,396,direct,3030,61.77,true,tablet,facebook/referral
325,325,4/8/2021,745,referral,434,64.86,true,mobile,google/cpc
326,326,7/5/2021,802,referral,3588,21.68,false,tablet,facebook/referral
327,327,5/29/2021,429,direct,259,16.33,false,desktop,direct/none
328,328,8/29/2021,662,organic,2170,47.72,true,desktop,direct/none
329,329,9/24/2021,75,referral,1748,28.25,true,tablet,google/cpc
330,330,1/5/2021,545,organic,1556,22.04,true,desktop,google/cpc
331,331,11/15/2021,167,organic,3276,26.79,false,mobile,direct/none
332,332,5/13/2021,566,organic,472,93.86,false,desktop,facebook/referral
333,333,11/13/2021,319,direct,1729,90.1,false,tablet,direct/none
334,334,2/8/2021,564,organic,685,97.17,false,desktop,google/cpc
335,335,12/14/2021,8,direct,3280,43.38,false,mobile,direct/none
336,336,1/30/2021,624,organic,3423,52.97,true,mobile,facebook/referral
337,337,2/16/2021,61,referral,1563,82.07,true,desktop,facebook/referral
338,338,7/22/2021,321,direct,576,87.34,true,desktop,facebook/referral
339,339,7/21/2021,28,organic,207,45.37,false,tablet,direct/none
340,340,7/7/2021,483,referral,1393,44.66,true,mobile,facebook/referral
341,341,9/12/2021,88,direct,386,26.4,false,desktop,direct/none
342,342,4/12/2021,979,organic,3509,34.34,false,tablet,direct/none
343,343,12/25/2021,239,referral,1974,35.83,false,mobile,google/cpc
344,344,11/18/2021,651,referral,3469,84.87,false,tablet,facebook/referral
345,345,11/19/2021,766,direct,2208,1.82,true,mobile,direct/none
346,346,7/21/2021,463,organic,3076,82.98,false,mobile,google/cpc
347,347,5/2/2021,28,referral,1609,34.47,false,tablet,google/cpc
348,348,5/16/2021,491,direct,1291,27.53,false,mobile,direct/none
349,349,4/15/2021,852,referral,420,61.68,true,desktop,direct/none
350,350,2/23/2021,85,referral,2965,66.2,false,mobile,google/cpc
351,351,7/15/2021,589,referral,2791,24.14,true,tablet,direct/none
352,352,5/10/2021,717,referral,3124,52.22,true,desktop,facebook/referral
353,353,9/15/2021,305,direct,2152,38.65,true,mobile,facebook/referral
354,354,9/15/2021,258,referral,2487,19.23,false,mobile,direct/none
355,355,7/24/2021,281,organic,2054,77.92,true,mobile,google/cpc
356,356,3/17/2021,793,direct,1704,86.23,false,tablet,direct/none
357,357,7/25/2021,243,organic,2864,15.24,false,mobile,direct/none
358,358,2/22/2021,459,organic,3435,92.64,true,desktop,direct/none
359,359,6/16/2021,126,referral,3512,51.66,true,mobile,google/cpc
360,360,6/17/2021,393,referral,2954,81.38,true,tablet,facebook/referral
361,361,6/10/2021,161,referral,2136,55.2,false,tablet,google/cpc
362,362,7/7/2021,212,direct,3270,99.0,false,desktop,facebook/referral
363,363,7/16/2021,666,referral,1946,65.52,false,mobile,google/cpc
364,364,1/10/2021,970,direct,3297,95.13,false,tablet,direct/none
365,365,3/7/2021,113,direct,1081,17.31,false,mobile,facebook/referral
366,366,2/5/2021,331,referral,1457,5.21,true,desktop,facebook/referral
367,367,9/13/2021,902,organic,1913,66.97,true,tablet,google/cpc
368,368,5/27/2021,770,referral,176,83.55,false,tablet,google/cpc
369,369,7/14/2021,216,direct,1988,98.31,true,mobile,direct/none
370,370,2/27/2021,871,direct,3390,0.91,false,mobile,facebook/referral
371,371,3/12/2021,433,organic,2,2.14,false,mobile,facebook/referral
372,372,4/8/2021,948,organic,3210,44.2,true,tablet,direct/none
373,373,8/22/2021,29,organic,1569,39.01,true,desktop,direct/none
374,374,9/10/2021,547,organic,3564,59.53,false,tablet,direct/none
375,375,5/24/2021,66,direct,334,53.32,false,desktop,google/cpc
376,376,11/11/2021,946,referral,3450,5.47,false,tablet,facebook/referral
377,377,4/19/2021,783,organic,3106,84.82,false,tablet,direct/none
378,378,5/28/2021,949,referral,257,38.95,true,desktop,facebook/referral
379,379,4/12/2021,437,organic,3115,68.32,false,desktop,facebook/referral
380,380,2/8/2021,455,direct,2653,85.79,true,desktop,google/cpc
381,381,3/31/2021,953,referral,939,0.04,true,desktop,google/cpc
382,382,5/25/2021,295,direct,556,87.44,true,mobile,google/cpc
383,383,2/11/2021,508,referral,1278,77.08,true,tablet,google/cpc
384,384,4/14/2021,653,direct,2100,23.37,false,tablet,google/cpc
385,385,3/21/2021,979,direct,1178,18.32,true,mobile,google/cpc
386,386,1/13/2021,903,direct,926,41.02,true,tablet,direct/none
387,387,9/26/2021,619,referral,2806,41.63,false,mobile,direct/none
388,388,1/12/2021,127,referral,2712,17.96,true,mobile,facebook/referral
389,389,9/19/2021,282,direct,1813,99.76,true,desktop,direct/none
390,390,12/15/2021,851,direct,2221,33.42,true,tablet,facebook/referral
391,391,11/18/2021,907,referral,861,40.69,true,desktop,facebook/referral
392,392,10/11/2021,447,referral,86,92.33,true,tablet,facebook/referral
393,393,2/1/2021,473,referral,2690,96.75,false,tablet,google/cpc
394,394,3/13/2021,458,referral,2705,97.82,false,desktop,direct/none
395,395,4/10/2021,915,referral,122,34.79,true,desktop,google/cpc
396,396,2/4/2021,382,referral,2927,29.56,true,mobile,facebook/referral
397,397,11/10/2021,981,referral,2492,22.83,true,tablet,direct/none
398,398,9/14/2021,737,organic,1549,60.54,true,tablet,google/cpc
399,399,1/17/2021,77,referral,572,52.44,false,mobile,direct/none
400,400,4/29/2021,818,organic,330,72.15,false,tablet,direct/none
401,401,12/13/2021,957,referral,1936,18.65,true,tablet,facebook/referral
402,402,12/6/2021,986,organic,2302,14.81,true,mobile,facebook/referral
403,403,3/2/2021,392,direct,1994,78.87,false,desktop,google/cpc
404,404,8/3/2021,876,organic,2632,94.86,true,tablet,direct/none
405,405,6/22/2021,815,organic,2831,40.17,false,desktop,direct/none
406,406,8/31/2021,569,organic,1776,81.94,false,tablet,facebook/referral
407,407,5/18/2021,950,organic,2587,34.54,false,mobile,facebook/referral
408,408,8/27/2021,255,organic,1114,73.14,true,mobile,google/cpc
409,409,2/28/2021,568,organic,3185,95.48,true,tablet,facebook/referral
410,410,6/14/2021,817,organic,2757,38.04,true,tablet,direct/none
411,411,10/26/2021,370,organic,938,35.21,false,mobile,direct/none
412,412,5/17/2021,890,organic,2610,4.93,true,desktop,direct/none
413,413,12/13/2021,592,referral,437,23.03,true,tablet,facebook/referral
414,414,7/18/2021,997,organic,1930,25.99,true,mobile,google/cpc
415,415,9/12/2021,426,referral,2831,88.13,false,tablet,facebook/referral
416,416,9/16/2021,654,direct,2356,57.47,true,tablet,direct/none
417,417,3/10/2021,150,organic,2291,28.96,false,tablet,google/cpc
418,418,8/10/2021,861,organic,86,45.34,false,desktop,facebook/referral
419,419,9/28/2021,367,referral,3284,65.33,true,mobile,direct/none
420,420,7/18/2021,76,referral,237,24.58,true,tablet,facebook/referral
421,421,5/11/2021,532,referral,3438,77.4,false,tablet,facebook/referral
422,422,4/23/2021,323,organic,2608,74.52,false,desktop,google/cpc
423,423,10/9/2021,850,direct,2122,19.16,true,mobile,google/cpc
424,424,10/13/2021,482,referral,1749,12.22,false,tablet,direct/none
425,425,6/3/2021,787,organic,2641,20.62,false,mobile,google/cpc
426,426,4/18/2021,745,organic,34,22.83,true,tablet,direct/none
427,427,1/12/2021,261,organic,3003,5.9,false,mobile,direct/none
428,428,9/19/2021,597,direct,1931,66.88,true,desktop,direct/none
429,429,3/8/2021,573,referral,3003,33.16,false,mobile,facebook/referral
430,430,10/8/2021,874,direct,789,97.94,false,desktop,facebook/referral
431,431,9/6/2021,625,organic,3085,97.56,true,mobile,direct/none
432,432,7/1/2021,119,referral,3571,23.49,true,tablet,google/cpc
433,433,1/17/2021,319,referral,2322,9.45,true,desktop,facebook/referral
434,434,1/29/2021,345,referral,1465,77.96,true,mobile,direct/none
435,435,4/25/2021,984,direct,2156,15.77,true,mobile,google/cpc
436,436,6/2/2021,732,referral,3145,38.85,true,mobile,google/cpc
437,437,5/30/2021,885,referral,3118,82.17,false,mobile,google/cpc
438,438,5/16/2021,256,organic,2536,86.05,false,mobile,facebook/referral
439,439,1/30/2021,716,organic,305,59.45,false,mobile,facebook/referral
440,440,1/31/2021,117,direct,224,37.42,false,mobile,google/cpc
441,441,6/2/2021,607,direct,2630,89.58,false,tablet,facebook/referral
442,442,3/3/2021,372,direct,903,56.69,false,desktop,google/cpc
443,443,4/2/2021,511,direct,863,66.01,false,mobile,google/cpc
444,444,10/2/2021,782,direct,1536,91.33,true,desktop,facebook/referral
445,445,7/12/2021,98,organic,359,12.67,true,mobile,google/cpc
446,446,5/14/2021,689,direct,3491,77.26,true,desktop,google/cpc
447,447,3/2/2021,794,referral,3514,31.39,false,desktop,google/cpc
448,448,9/18/2021,262,referral,1774,52.52,true,desktop,google/cpc
449,449,10/30/2021,395,referral,2013,55.24,true,desktop,direct/none
450,450,2/11/2021,317,organic,3128,79.08,false,tablet,direct/none
451,451,10/16/2021,603,direct,1716,78.69,false,mobile,google/cpc
452,452,8/23/2021,297,referral,2306,20.0,true,mobile,direct/none
453,453,5/21/2021,75,organic,2120,30.65,true,desktop,direct/none
454,454,12/16/2021,606,organic,142,39.42,true,mobile,direct/none
455,455,5/28/2021,369,referral,1991,76.81,true,desktop,direct/none
456,456,9/27/2021,395,organic,2697,43.59,true,mobile,facebook/referral
457,457,5/26/2021,516,direct,407,48.07,true,tablet,direct/none
458,458,6/4/2021,975,organic,579,44.92,true,tablet,facebook/referral
459,459,7/23/2021,395,referral,1262,53.33,false,mobile,facebook/referral
460,460,1/11/2021,661,organic,608,18.32,false,mobile,google/cpc
461,461,1/28/2021,960,direct,2696,1.48,false,mobile,facebook/referral
462,462,11/14/2021,394,organic,2657,91.64,false,mobile,facebook/referral
463,463,5/22/2021,22,organic,3050,54.36,false,mobile,facebook/referral
464,464,5/12/2021,25,referral,399,24.19,true,tablet,google/cpc
465,465,3/6/2021,91,direct,997,2.8,true,tablet,direct/none
466,466,2/20/2021,825,direct,2177,51.83,false,mobile,direct/none
467,467,4/1/2021,559,organic,355,80.87,true,tablet,google/cpc
468,468,1/9/2021,906,organic,3072,59.77,true,mobile,facebook/referral
469,469,2/3/2021,37,organic,3485,63.68,false,mobile,facebook/referral
470,470,5/27/2021,952,referral,708,31.45,true,tablet,facebook/referral
471,471,6/4/2021,401,direct,3335,73.38,false,mobile,direct/none
472,472,8/29/2021,716,organic,3557,89.91,true,mobile,google/cpc
473,473,6/9/2021,732,direct,26,68.33,true,desktop,google/cpc
474,474,5/12/2021,217,organic,748,61.86,true,tablet,facebook/referral
475,475,5/1/2021,222,direct,2092,73.25,false,mobile,direct/none
476,476,9/26/2021,926,referral,2816,53.33,true,mobile,direct/none
477,477,6/14/2021,340,direct,659,84.68,true,desktop,facebook/referral
478,478,7/28/2021,578,referral,2558,11.59,false,desktop,google/cpc
479,479,11/29/2021,128,direct,1869,54.22,true,tablet,google/cpc
480,480,9/29/2021,278,organic,1477,56.11,true,desktop,direct/none
481,481,6/26/2021,860,organic,596,74.92,false,mobile,direct/none
482,482,11/17/2021,895,referral,3223,81.31,true,desktop,facebook/referral
483,483,12/22/2021,229,direct,2781,53.42,false,mobile,direct/none
484,484,4/28/2021,599,direct,2509,11.69,true,mobile,google/cpc
485,485,7/6/2021,854,organic,1163,84.65,true,tablet,direct/none
486,486,7/20/2021,397,organic,2851,71.11,true,tablet,direct/none
487,487,1/8/2021,481,referral,860,69.72,true,mobile,facebook/referral
488,488,1/30/2021,554,referral,1938,51.39,false,desktop,facebook/referral
489,489,5/8/2021,163,direct,2201,5.03,true,mobile,direct/none
490,490,8/3/2021,313,direct,3571,18.23,false,desktop,facebook/referral
491,491,11/28/2021,309,direct,2352,78.86,true,tablet,direct/none
492,492,5/9/2021,323,direct,1130,96.12,false,mobile,google/cpc
493,493,3/23/2021,821,organic,1451,68.66,true,desktop,facebook/referral
494,494,2/13/2021,870,direct,3563,73.78,false,mobile,facebook/referral
495,495,1/31/2021,498,direct,2541,31.42,true,tablet,direct/none
496,496,5/5/2021,996,referral,2852,52.8,false,mobile,direct/none
497,497,3/12/2021,462,direct,195,32.48,false,mobile,facebook/referral
498,498,3/5/2021,170,organic,3128,61.43,true,desktop,direct/none
499,499,3/20/2021,651,referral,1694,51.44,false,desktop,direct/none
500,500,7/19/2021,602,direct,536,86.91,true,tablet,direct/none
501,501,11/12/2021,790,organic,326,36.74,true,desktop,google/cpc
502,502,10/17/2021,744,referral,1263,48.55,false,tablet,direct/none
503,503,8/20/2021,148,direct,3001,54.65,true,tablet,direct/none
504,504,2/9/2021,77,organic,1075,18.64,false,mobile,direct/none
505,505,12/9/2021,206,direct,2412,6.73,true,tablet,facebook/referral
506,506,4/3/2021,587,organic,1222,61.17,false,tablet,facebook/referral
507,507,8/31/2021,359,direct,1550,33.61,false,mobile,direct/none
508,508,4/10/2021,333,direct,1666,74.81,false,desktop,google/cpc
509,509,12/4/2021,749,organic,3438,99.81,false,mobile,direct/none
510,510,8/6/2021,142,organic,2799,56.33,false,tablet,google/cpc
511,511,9/3/2021,314,direct,2912,30.32,false,mobile,direct/none
512,512,2/28/2021,940,referral,675,53.61,true,desktop,google/cpc
513,513,8/10/2021,326,direct,1636,79.1,false,mobile,direct/none
514,514,5/17/2021,684,direct,3009,34.35,false,tablet,direct/none
515,515,2/14/2021,145,organic,2935,86.64,true,tablet,direct/none
516,516,11/20/2021,470,organic,3223,23.14,true,mobile,google/cpc
517,517,5/20/2021,200,direct,2173,75.51,true,tablet,facebook/referral
518,518,10/8/2021,524,direct,252,94.96,false,desktop,google/cpc
519,519,6/6/2021,3,referral,3506,35.82,true,tablet,direct/none
520,520,5/29/2021,804,referral,3403,4.67,true,mobile,facebook/referral
521,521,1/10/2021,970,referral,2568,64.27,false,mobile,google/cpc
522,522,2/1/2021,404,organic,2006,97.41,true,tablet,direct/none
523,523,12/7/2021,441,organic,3470,36.2,true,tablet,google/cpc
524,524,8/15/2021,123,direct,1542,74.97,true,tablet,direct/none
525,525,4/13/2021,700,organic,1606,57.27,true,tablet,direct/none
526,526,1/5/2021,568,referral,2637,25.19,true,desktop,direct/none
527,527,12/25/2021,171,referral,3505,13.75,false,tablet,google/cpc
528,528,6/9/2021,422,direct,1076,92.8,true,desktop,facebook/referral
529,529,5/18/2021,920,referral,61,99.6,false,desktop,facebook/referral
530,530,12/21/2021,670,referral,1577,45.5,true,tablet,facebook/referral
531,531,10/12/2021,570,direct,1263,97.8,true,tablet,facebook/referral
532,532,4/21/2021,751,referral,1767,39.44,false,tablet,direct/none
533,533,12/24/2021,581,direct,3409,34.3,true,mobile,direct/none
534,534,10/14/2021,789,referral,1895,3.3,false,desktop,facebook/referral
535,535,2/2/2021,729,organic,3258,16.29,false,tablet,facebook/referral
536,536,4/2/2021,126,referral,492,31.59,true,desktop,direct/none
537,537,8/31/2021,78,direct,1060,77.84,false,mobile,google/cpc
538,538,3/14/2021,725,organic,315,53.39,false,mobile,facebook/referral
539,539,1/18/2021,949,direct,1899,84.54,false,mobile,facebook/referral
540,540,7/3/2021,925,organic,2148,61.15,false,desktop,facebook/referral
541,541,6/27/2021,533,organic,3070,61.84,true,mobile,direct/none
542,542,9/29/2021,335,referral,2262,49.75,false,desktop,direct/none
543,543,3/20/2021,434,organic,58,39.55,false,tablet,facebook/referral
544,544,2/24/2021,660,referral,2953,5.2,false,desktop,google/cpc
545,545,2/23/2021,794,organic,2156,51.79,false,desktop,google/cpc
546,546,8/28/2021,90,referral,2607,85.95,false,tablet,facebook/referral
547,547,6/6/2021,129,direct,3489,73.8,true,desktop,direct/none
548,548,12/25/2021,152,direct,2956,99.03,false,mobile,facebook/referral
549,549,1/24/2021,49,direct,1483,12.06,true,mobile,google/cpc
550,550,1/12/2021,664,organic,1584,6.34,false,mobile,facebook/referral
551,551,1/1/2021,624,referral,2512,85.5,false,tablet,direct/none
552,552,5/9/2021,389,direct,3555,5.99,false,mobile,google/cpc
553,553,11/20/2021,558,organic,411,24.33,false,desktop,direct/none
554,554,12/9/2021,620,direct,1601,13.29,false,tablet,direct/none
555,555,1/9/2021,191,organic,1993,96.07,false,tablet,facebook/referral
556,556,1/20/2021,692,organic,676,85.82,false,desktop,facebook/referral
557,557,1/4/2021,600,referral,2339,83.24,false,desktop,google/cpc
558,558,7/8/2021,13,referral,2008,47.37,false,mobile,facebook/referral
559,559,5/8/2021,528,referral,2914,57.2,true,mobile,google/cpc
560,560,10/12/2021,202,direct,3329,23.64,true,mobile,direct/none
561,561,2/4/2021,790,organic,391,42.52,true,tablet,direct/none
562,562,5/9/2021,160,referral,2967,38.17,false,mobile,google/cpc
563,563,11/16/2021,505,referral,1305,55.42,false,desktop,google/cpc
564,564,1/7/2021,359,direct,2879,26.14,false,tablet,google/cpc
565,565,2/21/2021,111,direct,1070,58.14,false,tablet,facebook/referral
566,566,10/3/2021,176,organic,1085,41.85,false,mobile,direct/none
567,567,4/8/2021,149,organic,1711,36.07,true,desktop,google/cpc
568,568,6/9/2021,413,referral,1921,44.42,false,mobile,google/cpc
569,569,1/24/2021,539,organic,2546,87.26,true,mobile,facebook/referral
570,570,7/23/2021,576,direct,2063,5.16,true,mobile,direct/none
571,571,6/1/2021,17,organic,1756,71.74,false,tablet,direct/none
572,572,1/19/2021,637,organic,2272,95.95,true,desktop,facebook/referral
573,573,12/30/2021,49,referral,3076,14.31,false,tablet,facebook/referral
574,574,12/15/2021,539,direct,122,96.21,true,mobile,google/cpc
575,575,10/7/2021,880,direct,2801,1.37,false,mobile,google/cpc
576,576,2/14/2021,399,direct,264,41.05,true,mobile,direct/none
577,577,10/27/2021,157,referral,100,6.86,false,tablet,google/cpc
578,578,4/1/2021,679,organic,3286,29.68,false,tablet,facebook/referral
579,579,11/27/2021,115,direct,2694,35.86,true,mobile,direct/none
580,580,7/14/2021,519,referral,946,1.32,false,tablet,facebook/referral
581,581,10/12/2021,920,referral,184,16.78,true,desktop,direct/none
582,582,7/4/2021,27,direct,1199,47.07,false,desktop,direct/none
583,583,3/2/2021,359,direct,1873,74.36,true,tablet,direct/none
584,584,9/27/2021,570,referral,2962,92.99,false,desktop,facebook/referral
585,585,7/2/2021,395,direct,605,6.88,false,desktop,direct/none
586,586,2/7/2021,557,referral,1282,40.45,false,tablet,direct/none
587,587,5/8/2021,540,referral,2613,0.82,true,tablet,direct/none
588,588,7/6/2021,381,direct,1831,15.32,false,tablet,facebook/referral
589,589,1/16/2021,980,organic,3027,35.07,false,desktop,direct/none
590,590,8/1/2021,931,organic,3118,30.62,false,mobile,direct/none
591,591,4/25/2021,481,organic,1232,13.36,true,desktop,direct/none
592,592,6/9/2021,857,organic,956,39.36,false,mobile,google/cpc
593,593,11/11/2021,404,referral,1522,29.31,false,tablet,facebook/referral
594,594,9/2/2021,554,referral,1651,93.36,false,mobile,google/cpc
595,595,5/3/2021,909,organic,1757,25.72,true,tablet,direct/none
596,596,9/4/2021,411,organic,1268,46.52,false,mobile,direct/none
597,597,2/17/2021,629,referral,1335,51.02,false,desktop,direct/none
598,598,7/4/2021,790,organic,1485,5.26,true,desktop,google/cpc
599,599,8/20/2021,682,organic,353,79.11,false,mobile,facebook/referral
600,600,10/10/2021,485,direct,589,71.66,false,mobile,facebook/referral
601,601,2/15/2021,747,referral,1805,10.96,true,mobile,direct/none
602,602,4/16/2021,909,direct,861,4.94,false,desktop,google/cpc
603,603,10/13/2021,573,organic,163,31.97,false,tablet,facebook/referral
604,604,7/15/2021,241,referral,2250,65.46,true,desktop,direct/none
605,605,6/13/2021,703,direct,2324,16.86,false,mobile,facebook/referral
606,606,12/8/2021,490,referral,2134,70.41,false,tablet,facebook/referral
607,607,6/6/2021,944,organic,3091,30.8,false,mobile,facebook/referral
608,608,6/11/2021,739,referral,3039,56.12,true,desktop,google/cpc
609,609,12/8/2021,848,direct,876,67.52,false,desktop,facebook/referral
610,610,1/22/2021,782,direct,1700,15.96,true,tablet,facebook/referral
611,611,8/15/2021,646,referral,2021,47.69,true,mobile,google/cpc
612,612,11/22/2021,717,organic,207,66.85,true,desktop,direct/none
613,613,11/24/2021,127,direct,937,33.99,true,tablet,direct/none
614,614,9/4/2021,562,referral,3204,44.92,false,mobile,google/cpc
615,615,1/27/2021,967,referral,1598,39.04,false,desktop,direct/none
616,616,3/21/2021,365,referral,1488,4.24,false,desktop,facebook/referral
617,617,6/23/2021,396,referral,523,88.53,false,mobile,direct/none
618,618,8/18/2021,768,direct,1586,59.13,false,tablet,facebook/referral
619,619,3/9/2021,483,direct,3014,57.98,true,tablet,facebook/referral
620,620,1/24/2021,101,organic,2987,12.45,true,desktop,direct/none
621,621,4/15/2021,408,direct,3500,73.52,false,tablet,google/cpc
622,622,5/7/2021,978,referral,1059,57.8,false,mobile,google/cpc
623,623,6/1/2021,128,direct,974,47.24,true,tablet,facebook/referral
624,624,1/23/2021,401,direct,2816,71.95,false,mobile,facebook/referral
625,625,5/31/2021,679,referral,309,29.74,false,tablet,facebook/referral
626,626,5/20/2021,439,organic,183,81.59,true,desktop,google/cpc
627,627,3/26/2021,96,referral,1785,60.47,false,tablet,direct/none
628,628,7/20/2021,795,direct,304,93.31,false,tablet,direct/none
629,629,11/29/2021,321,organic,1349,48.1,false,desktop,facebook/referral
630,630,3/28/2021,996,direct,2464,36.45,false,tablet,facebook/referral
631,631,2/8/2021,943,direct,58,87.08,true,mobile,facebook/referral
632,632,10/24/2021,879,direct,91,98.28,true,tablet,facebook/referral
633,633,1/21/2021,596,referral,3304,7.81,false,desktop,google/cpc
634,634,10/3/2021,304,organic,551,84.43,false,mobile,direct/none
635,635,6/10/2021,487,organic,2650,91.58,true,desktop,google/cpc
636,636,3/21/2021,648,direct,44,69.21,false,mobile,facebook/referral
637,637,1/26/2021,183,referral,1928,47.18,true,tablet,google/cpc
638,638,7/6/2021,225,referral,1134,10.0,true,desktop,facebook/referral
639,639,3/26/2021,470,direct,1131,71.35,true,desktop,direct/none
640,640,1/3/2021,255,direct,3240,12.39,false,tablet,facebook/referral
641,641,10/3/2021,78,direct,1328,35.57,true,desktop,direct/none
642,642,6/19/2021,334,referral,1046,97.11,false,tablet,facebook/referral
643,643,10/20/2021,631,organic,2934,20.08,false,mobile,direct/none
644,644,10/31/2021,120,referral,1500,13.8,false,desktop,direct/none
645,645,2/12/2021,645,referral,2570,89.28,false,tablet,direct/none
646,646,5/8/2021,925,direct,606,33.67,false,desktop,google/cpc
647,647,11/23/2021,752,referral,149,5.8,true,desktop,facebook/referral
648,648,5/24/2021,683,organic,711,19.05,false,desktop,google/cpc
649,649,10/28/2021,553,organic,443,80.16,false,mobile,google/cpc
650,650,2/4/2021,533,referral,605,88.67,false,desktop,direct/none
651,651,8/31/2021,604,organic,832,53.48,false,mobile,google/cpc
652,652,7/17/2021,941,direct,1620,85.13,true,desktop,facebook/referral
653,653,10/24/2021,109,organic,2931,84.83,false,desktop,google/cpc
654,654,4/10/2021,154,referral,2138,39.68,false,desktop,google/cpc
655,655,3/16/2021,661,referral,1265,82.94,true,mobile,facebook/referral
656,656,1/5/2021,267,direct,2897,9.4,true,mobile,direct/none
657,657,9/12/2021,328,referral,3295,23.58,false,mobile,facebook/referral
658,658,10/21/2021,626,referral,2729,7.54,true,desktop,google/cpc
659,659,1/14/2021,727,referral,1132,42.16,true,desktop,direct/none
660,660,6/16/2021,3,direct,90,82.62,true,desktop,facebook/referral
661,661,9/17/2021,764,direct,596,17.95,false,tablet,direct/none
662,662,11/13/2021,359,referral,1560,1.51,true,desktop,facebook/referral
663,663,4/18/2021,286,direct,615,58.95,true,desktop,direct/none
664,664,3/19/2021,384,referral,3192,30.23,false,desktop,direct/none
665,665,4/1/2021,291,organic,2705,17.02,false,tablet,facebook/referral
666,666,4/28/2021,824,organic,825,34.88,false,desktop,direct/none
667,667,9/22/2021,386,referral,1867,51.83,true,tablet,facebook/referral
668,668,1/15/2021,792,direct,2892,82.08,true,desktop,facebook/referral
669,669,9/28/2021,987,direct,303,68.46,true,desktop,facebook/referral
670,670,3/30/2021,860,direct,332,0.79,true,tablet,direct/none
671,671,11/22/2021,74,referral,2562,17.94,false,desktop,direct/none
672,672,4/3/2021,814,direct,2677,52.23,true,mobile,facebook/referral
673,673,11/12/2021,939,organic,1367,32.22,false,tablet,direct/none
674,674,3/14/2021,783,referral,2955,52.46,false,tablet,direct/none
675,675,1/11/2021,485,direct,2958,79.25,false,tablet,direct/none
676,676,10/11/2021,894,direct,2582,16.25,true,mobile,facebook/referral
677,677,10/6/2021,254,direct,318,62.63,false,tablet,google/cpc
678,678,5/21/2021,650,direct,830,90.72,false,tablet,google/cpc
679,679,10/1/2021,718,organic,1674,4.15,true,tablet,facebook/referral
680,680,10/15/2021,137,direct,1790,45.2,false,desktop,google/cpc
681,681,4/5/2021,431,referral,3484,34.2,false,mobile,google/cpc
682,682,10/2/2021,432,referral,2204,64.29,true,desktop,facebook/referral
683,683,10/2/2021,411,referral,722,86.88,false,desktop,direct/none
684,684,10/8/2021,111,referral,1751,4.02,false,mobile,google/cpc
685,685,2/2/2021,44,referral,2326,62.42,false,desktop,facebook/referral
686,686,10/18/2021,506,referral,2654,29.98,true,desktop,direct/none
687,687,5/8/2021,713,organic,2024,12.02,true,tablet,direct/none
688,688,5/5/2021,954,referral,1532,24.84,true,tablet,facebook/referral
689,689,12/30/2021,992,direct,1698,12.19,false,tablet,facebook/referral
690,690,10/6/2021,920,organic,880,84.07,false,mobile,google/cpc
691,691,6/26/2021,409,organic,1393,99.86,false,mobile,facebook/referral
692,692,3/14/2021,573,referral,159,54.33,false,tablet,direct/none
693,693,12/20/2021,716,direct,1969,22.36,true,mobile,facebook/referral
694,694,1/24/2021,507,referral,2183,42.56,false,mobile,direct/none
695,695,5/1/2021,326,organic,1237,37.84,false,tablet,facebook/referral
696,696,4/19/2021,958,referral,145,0.85,false,tablet,facebook/referral
697,697,10/16/2021,221,referral,1564,53.98,false,desktop,direct/none
698,698,4/8/2021,512,direct,2323,73.44,true,desktop,google/cpc
699,699,7/21/2021,229,organic,862,90.36,true,desktop,facebook/referral
700,700,4/3/2021,597,direct,1051,90.34,true,mobile,google/cpc
701,701,12/3/2021,23,direct,2608,20.92,false,tablet,google/cpc
702,702,2/9/2021,35,referral,3091,71.41,true,mobile,google/cpc
703,703,5/25/2021,402,referral,3495,34.53,true,tablet,google/cpc
704,704,11/13/2021,94,referral,382,17.93,false,tablet,direct/none
705,705,8/5/2021,896,direct,1722,40.29,true,desktop,facebook/referral
706,706,4/7/2021,774,direct,996,58.79,true,desktop,google/cpc
707,707,12/22/2021,663,organic,146,65.37,false,mobile,google/cpc
708,708,9/27/2021,724,direct,2415,6.84,false,desktop,direct/none
709,709,2/13/2021,977,referral,2909,90.56,true,desktop,facebook/referral
710,710,11/7/2021,692,organic,1744,15.57,false,desktop,direct/none
711,711,11/14/2021,462,referral,685,70.34,false,desktop,facebook/referral
712,712,5/8/2021,592,referral,2047,39.19,true,tablet,google/cpc
713,713,1/30/2021,279,organic,2125,16.56,false,desktop,google/cpc
714,714,2/11/2021,471,organic,2751,41.24,true,mobile,direct/none
715,715,1/19/2021,29,referral,1930,83.59,true,mobile,google/cpc
716,716,3/7/2021,268,referral,3255,6.8,true,tablet,direct/none
717,717,9/16/2021,642,direct,1918,62.27,false,desktop,direct/none
718,718,4/18/2021,382,direct,2023,57.91,true,desktop,direct/none
719,719,3/15/2021,656,organic,1176,43.77,false,mobile,facebook/referral
720,720,4/30/2021,863,referral,2518,59.75,false,tablet,facebook/referral
721,721,8/9/2021,835,referral,1275,45.89,false,tablet,google/cpc
722,722,9/22/2021,678,referral,3126,62.9,false,desktop,facebook/referral
723,723,1/18/2021,465,referral,2329,78.65,false,mobile,google/cpc
724,724,3/4/2021,655,direct,1861,78.94,false,mobile,google/cpc
725,725,12/3/2021,184,referral,3287,27.77,false,tablet,direct/none
726,726,12/19/2021,224,organic,38,88.6,true,mobile,google/cpc
727,727,10/11/2021,706,referral,1497,8.07,false,desktop,direct/none
728,728,7/12/2021,175,organic,2139,25.79,false,desktop,google/cpc
729,729,6/2/2021,208,referral,2491,89.33,false,desktop,direct/none
730,730,11/16/2021,953,referral,3311,25.9,false,mobile,facebook/referral
731,731,8/30/2021,104,organic,506,76.21,false,tablet,direct/none
732,732,1/2/2021,380,direct,2799,64.05,true,tablet,facebook/referral
733,733,7/24/2021,157,referral,2959,20.62,true,tablet,google/cpc
734,734,10/11/2021,30,referral,2821,0.42,true,tablet,facebook/referral
735,735,11/18/2021,376,organic,3104,84.06,false,mobile,google/cpc
736,736,11/14/2021,711,direct,1170,99.89,true,tablet,facebook/referral
737,737,8/22/2021,729,organic,1412,84.6,true,desktop,facebook/referral
738,738,8/14/2021,406,organic,2634,24.78,true,desktop,direct/none
739,739,9/13/2021,303,direct,767,44.29,true,tablet,google/cpc
740,740,11/8/2021,230,referral,3352,20.23,false,tablet,facebook/referral
741,741,8/30/2021,742,direct,741,18.42,true,desktop,facebook/referral
742,742,1/18/2021,509,organic,2955,82.91,true,desktop,google/cpc
743,743,6/10/2021,2,organic,3361,63.27,false,mobile,direct/none
744,744,4/9/2021,132,direct,650,87.37,true,mobile,google/cpc
745,745,4/1/2021,516,direct,2270,61.86,false,tablet,facebook/referral
746,746,6/5/2021,571,organic,1475,49.57,true,tablet,facebook/referral
747,747,3/30/2021,255,direct,176,33.27,false,desktop,facebook/referral
748,748,3/6/2021,750,referral,283,32.25,false,desktop,direct/none
749,749,12/21/2021,568,organic,1831,66.06,false,tablet,facebook/referral
750,750,7/19/2021,158,direct,950,63.8,true,mobile,google/cpc
751,751,11/23/2021,409,organic,3478,28.5,true,tablet,google/cpc
752,752,1/4/2021,51,referral,2485,35.75,false,mobile,google/cpc
753,753,2/28/2021,324,organic,1913,89.52,false,mobile,direct/none
754,754,9/23/2021,391,referral,1316,25.94,false,tablet,direct/none
755,755,5/7/2021,233,organic,3494,35.38,true,desktop,direct/none
756,756,3/10/2021,62,direct,949,76.84,true,tablet,direct/none
757,757,10/6/2021,800,direct,3020,91.19,true,tablet,direct/none
758,758,3/10/2021,403,direct,1472,84.13,true,mobile,direct/none
759,759,11/2/2021,405,direct,1516,91.87,true,mobile,google/cpc
760,760,4/6/2021,769,referral,3268,58.57,true,tablet,google/cpc
761,761,7/4/2021,245,organic,3027,47.25,true,mobile,facebook/referral
762,762,10/6/2021,196,referral,421,80.46,true,desktop,google/cpc
763,763,4/8/2021,635,organic,1689,54.19,false,desktop,google/cpc
764,764,2/20/2021,165,direct,1955,95.56,false,tablet,google/cpc
765,765,9/6/2021,979,organic,3152,6.06,false,desktop,facebook/referral
766,766,1/9/2021,613,direct,942,86.81,true,desktop,facebook/referral
767,767,2/11/2021,284,direct,2251,21.48,false,tablet,direct/none
768,768,5/25/2021,499,direct,3022,5.2,false,tablet,google/cpc
769,769,2/14/2021,385,organic,2420,59.15,true,tablet,direct/none
770,770,11/2/2021,904,referral,1038,32.77,true,desktop,direct/none
771,771,1/23/2021,943,organic,722,91.14,true,desktop,direct/none
772,772,7/12/2021,856,direct,1096,8.1,true,mobile,google/cpc
773,773,6/10/2021,860,referral,1563,11.96,true,mobile,direct/none
774,774,10/24/2021,764,direct,2716,28.4,false,mobile,facebook/referral
775,775,2/14/2021,96,organic,15,70.48,true,mobile,facebook/referral
776,776,11/4/2021,68,organic,507,5.17,false,mobile,google/cpc
777,777,11/8/2021,652,referral,1398,2.81,false,tablet,facebook/referral
778,778,5/26/2021,751,referral,294,29.34,false,mobile,direct/none
779,779,11/7/2021,772,referral,1071,54.82,false,desktop,direct/none
780,780,8/19/2021,328,referral,2190,7.77,true,mobile,google/cpc
781,781,2/23/2021,37,direct,247,32.42,false,desktop,facebook/referral
782,782,9/13/2021,984,referral,2522,13.35,false,desktop,google/cpc
783,783,8/5/2021,76,referral,287,94.39,false,desktop,google/cpc
784,784,4/9/2021,152,organic,3189,28.62,true,mobile,facebook/referral
785,785,7/16/2021,369,organic,3125,87.91,true,desktop,direct/none
786,786,8/20/2021,442,direct,67,13.76,false,desktop,direct/none
787,787,10/24/2021,460,organic,2424,43.23,false,desktop,direct/none
788,788,8/19/2021,144,organic,2071,65.09,true,desktop,direct/none
789,789,10/4/2021,305,organic,2350,57.17,true,tablet,direct/none
790,790,3/22/2021,275,referral,3201,8.79,false,mobile,facebook/referral
791,791,2/27/2021,262,direct,3176,40.5,false,desktop,facebook/referral
792,792,6/23/2021,374,direct,1510,34.94,false,mobile,direct/none
793,793,5/15/2021,203,organic,2957,50.77,false,desktop,facebook/referral
794,794,10/12/2021,924,referral,2408,36.15,true,desktop,google/cpc
795,795,9/19/2021,853,organic,74,47.7,false,mobile,facebook/referral
796,796,4/15/2021,807,organic,355,12.28,false,desktop,facebook/referral
797,797,4/25/2021,724,direct,2447,88.53,true,desktop,direct/none
798,798,7/17/2021,151,organic,1488,63.21,false,tablet,google/cpc
799,799,12/2/2021,244,referral,3383,84.54,true,mobile,google/cpc
800,800,6/14/2021,121,referral,504,77.59,false,desktop,direct/none
801,801,1/24/2021,683,referral,1835,68.95,true,desktop,direct/none
802,802,7/15/2021,692,referral,152,93.35,false,mobile,google/cpc
803,803,10/26/2021,43,referral,547,54.25,true,tablet,facebook/referral
804,804,10/13/2021,854,direct,232,36.85,false,desktop,facebook/referral
805,805,9/7/2021,330,referral,2697,93.81,true,mobile,direct/none
806,806,6/8/2021,238,referral,2933,20.99,false,desktop,direct/none
807,807,1/1/2021,501,direct,2807,57.52,true,desktop,direct/none
808,808,2/6/2021,711,referral,2452,41.84,false,tablet,direct/none
809,809,2/7/2021,576,direct,3063,87.91,false,tablet,direct/none
810,810,9/12/2021,788,direct,1728,27.69,false,mobile,google/cpc
811,811,4/24/2021,166,direct,2961,71.63,true,tablet,facebook/referral
812,812,2/5/2021,159,organic,2625,3.46,true,tablet,direct/none
813,813,6/2/2021,698,referral,2672,23.92,false,mobile,google/cpc
814,814,8/9/2021,996,direct,208,2.57,false,tablet,google/cpc
815,815,3/9/2021,74,referral,2624,64.26,false,desktop,direct/none
816,816,11/29/2021,605,direct,2756,0.5,false,desktop,google/cpc
817,817,6/4/2021,513,organic,706,41.47,false,mobile,google/cpc
818,818,12/26/2021,940,referral,2970,32.54,false,mobile,facebook/referral
819,819,10/31/2021,446,direct,1819,31.02,true,mobile,direct/none
820,820,5/21/2021,560,referral,2709,24.93,true,tablet,facebook/referral
821,821,4/16/2021,384,referral,2030,76.34,true,tablet,direct/none
822,822,8/18/2021,83,organic,3051,75.03,false,tablet,google/cpc
823,823,8/6/2021,515,direct,2390,97.76,false,tablet,direct/none
824,824,8/3/2021,350,organic,583,69.13,false,mobile,google/cpc
825,825,2/26/2021,983,referral,1883,58.59,false,desktop,direct/none
826,826,5/10/2021,624,organic,2976,27.46,true,desktop,google/cpc
827,827,3/27/2021,436,referral,258,23.96,true,mobile,facebook/referral
828,828,7/10/2021,790,referral,2376,78.44,false,desktop,google/cpc
829,829,1/8/2021,754,referral,1481,10.93,false,tablet,google/cpc
830,830,6/8/2021,528,referral,236,67.5,false,tablet,google/cpc
831,831,11/28/2021,677,direct,2931,43.25,false,desktop,google/cpc
832,832,3/6/2021,869,referral,2458,59.09,true,mobile,google/cpc
833,833,3/16/2021,477,referral,2618,38.02,false,desktop,direct/none
834,834,10/1/2021,149,direct,574,74.27,false,tablet,facebook/referral
835,835,11/26/2021,885,referral,2321,44.52,true,desktop,google/cpc
836,836,3/27/2021,972,referral,532,95.5,true,mobile,google/cpc
837,837,3/4/2021,987,direct,170,69.78,false,mobile,google/cpc
838,838,7/5/2021,949,organic,2684,92.16,true,desktop,google/cpc
839,839,12/30/2021,573,referral,550,93.23,true,mobile,facebook/referral
840,840,11/30/2021,95,direct,1708,91.35,true,tablet,facebook/referral
841,841,6/15/2021,104,referral,1305,17.59,false,desktop,google/cpc
842,842,11/14/2021,242,organic,2241,20.3,false,mobile,direct/none
843,843,5/14/2021,759,direct,1750,83.94,true,desktop,google/cpc
844,844,5/12/2021,164,direct,3443,46.74,false,mobile,google/cpc
845,845,2/26/2021,168,referral,1431,3.92,false,desktop,google/cpc
846,846,8/6/2021,600,referral,935,33.02,false,desktop,direct/none
847,847,2/11/2021,892,organic,3586,13.25,false,mobile,facebook/referral
848,848,6/18/2021,404,referral,2869,36.59,true,mobile,direct/none
849,849,1/15/2021,334,organic,2817,59.2,true,tablet,direct/none
850,850,7/17/2021,207,organic,39,41.69,false,mobile,facebook/referral
851,851,11/12/2021,724,direct,264,19.89,true,desktop,direct/none
852,852,5/6/2021,986,direct,3164,15.91,true,tablet,direct/none
853,853,10/10/2021,206,organic,598,70.71,false,tablet,google/cpc
854,854,8/7/2021,986,direct,1709,0.38,true,mobile,google/cpc
855,855,10/28/2021,269,organic,3364,84.16,true,mobile,google/cpc
856,856,6/14/2021,615,direct,1191,88.72,false,tablet,facebook/referral
857,857,2/5/2021,665,organic,3400,63.04,false,tablet,facebook/referral
858,858,10/12/2021,921,organic,1871,45.99,true,tablet,direct/none
859,859,2/8/2021,218,direct,2541,79.55,true,desktop,facebook/referral
860,860,11/19/2021,392,referral,2827,95.9,true,desktop,direct/none
861,861,2/5/2021,25,organic,1012,39.33,true,tablet,google/cpc
862,862,5/6/2021,721,direct,3116,53.5,false,mobile,facebook/referral
863,863,11/2/2021,106,direct,1004,33.29,false,tablet,facebook/referral
864,864,4/8/2021,539,organic,1288,31.68,false,desktop,google/cpc
865,865,12/13/2021,493,referral,1774,14.57,true,mobile,facebook/referral
866,866,5/9/2021,709,referral,2300,31.34,false,tablet,google/cpc
867,867,3/28/2021,515,referral,3315,26.6,false,tablet,google/cpc
868,868,5/26/2021,345,direct,2295,9.49,false,desktop,facebook/referral
869,869,10/11/2021,804,organic,2379,81.98,true,desktop,direct/none
870,870,11/16/2021,158,direct,535,40.52,true,desktop,google/cpc
871,871,8/17/2021,175,organic,1751,51.81,true,tablet,facebook/referral
872,872,8/11/2021,919,direct,2088,89.36,true,desktop,facebook/referral
873,873,2/4/2021,964,referral,923,90.48,false,mobile,facebook/referral
874,874,5/22/2021,217,organic,3579,3.12,true,tablet,facebook/referral
875,875,8/30/2021,796,organic,1885,22.27,false,tablet,google/cpc
876,876,7/10/2021,460,organic,1570,98.58,true,tablet,facebook/referral
877,877,3/24/2021,106,direct,2947,86.67,true,desktop,direct/none
878,878,8/28/2021,137,referral,1941,87.42,true,mobile,facebook/referral
879,879,12/13/2021,9,organic,2655,67.84,true,mobile,direct/none
880,880,6/18/2021,304,organic,984,67.53,true,tablet,facebook/referral
881,881,8/9/2021,580,organic,995,29.86,true,tablet,google/cpc
882,882,4/25/2021,8,referral,2441,47.46,false,mobile,google/cpc
883,883,4/23/2021,602,organic,931,9.55,false,desktop,facebook/referral
884,884,5/13/2021,870,organic,2390,7.04,true,desktop,google/cpc
885,885,11/4/2021,851,organic,653,27.7,false,tablet,direct/none
886,886,11/24/2021,405,direct,3130,95.74,true,mobile,direct/none
887,887,9/15/2021,622,referral,1856,45.11,true,mobile,direct/none
888,888,1/6/2021,218,organic,354,90.58,false,desktop,facebook/referral
889,889,12/14/2021,726,organic,2555,78.85,false,mobile,google/cpc
890,890,6/18/2021,664,direct,1636,86.98,true,tablet,facebook/referral
891,891,1/12/2021,54,referral,606,77.71,false,desktop,google/cpc
892,892,4/26/2021,764,organic,1641,95.28,false,tablet,direct/none
893,893,12/29/2021,818,referral,534,29.22,true,mobile,facebook/referral
894,894,2/28/2021,369,organic,3019,47.01,true,mobile,google/cpc
895,895,12/28/2021,299,referral,1512,3.69,true,desktop,facebook/referral
896,896,11/4/2021,348,referral,1796,41.76,true,tablet,google/cpc
897,897,8/9/2021,648,direct,3248,78.84,true,mobile,google/cpc
898,898,2/20/2021,776,direct,1789,95.05,true,tablet,google/cpc
899,899,3/12/2021,904,organic,2684,15.83,true,desktop,facebook/referral
900,900,4/29/2021,599,direct,1245,54.3,true,desktop,facebook/referral
901,901,1/17/2021,315,referral,2294,37.83,false,tablet,direct/none
902,902,12/26/2021,121,referral,1806,90.94,true,desktop,facebook/referral
903,903,9/11/2021,890,organic,1189,19.9,false,mobile,direct/none
904,904,5/31/2021,829,referral,3492,96.42,true,mobile,facebook/referral
905,905,12/29/2021,478,direct,3485,99.8,true,tablet,facebook/referral
906,906,9/25/2021,651,referral,2191,24.08,false,tablet,google/cpc
907,907,1/18/2021,144,direct,1403,43.69,true,mobile,google/cpc
908,908,12/3/2021,94,referral,3446,3.66,false,mobile,facebook/referral
909,909,9/4/2021,831,referral,12,7.44,false,desktop,google/cpc
910,910,5/31/2021,200,organic,2372,95.0,true,mobile,google/cpc
911,911,3/25/2021,559,organic,3104,30.44,false,tablet,google/cpc
912,912,5/6/2021,961,organic,484,3.8,true,tablet,direct/none
913,913,1/30/2021,727,referral,1885,70.68,true,tablet,google/cpc
914,914,5/10/2021,212,organic,1772,85.17,false,tablet,google/cpc
915,915,7/27/2021,666,referral,1210,74.89,true,desktop,direct/none
916,916,12/8/2021,338,direct,320,46.49,true,tablet,direct/none
917,917,2/9/2021,799,referral,3383,76.65,false,desktop,google/cpc
918,918,6/15/2021,216,referral,1151,34.78,false,desktop,direct/none
919,919,6/11/2021,328,referral,3233,54.73,false,tablet,google/cpc
920,920,1/21/2021,393,organic,2213,18.37,false,desktop,direct/none
921,921,8/8/2021,86,direct,2844,91.74,false,mobile,google/cpc
922,922,2/19/2021,84,direct,553,35.74,false,desktop,google/cpc
923,923,1/26/2021,354,referral,140,7.61,true,mobile,direct/none
924,924,1/26/2021,338,direct,1514,81.75,true,desktop,facebook/referral
925,925,9/9/2021,888,organic,2992,35.22,false,tablet,facebook/referral
926,926,3/7/2021,256,referral,2476,74.86,true,mobile,facebook/referral
927,927,1/22/2021,759,direct,1501,24.9,false,desktop,google/cpc
928,928,9/15/2021,160,organic,2066,57.32,true,desktop,google/cpc
929,929,9/25/2021,442,direct,597,15.96,true,tablet,facebook/referral
930,930,8/17/2021,942,referral,2739,29.61,false,desktop,facebook/referral
931,931,5/17/2021,984,referral,1302,39.08,false,desktop,facebook/referral
932,932,6/20/2021,845,direct,3546,74.56,false,desktop,direct/none
933,933,2/3/2021,661,referral,1255,40.88,true,mobile,facebook/referral
934,934,12/20/2021,845,referral,1029,4.61,false,tablet,facebook/referral
935,935,1/13/2021,395,direct,3093,66.14,false,desktop,direct/none
936,936,4/6/2021,36,organic,808,48.22,false,tablet,google/cpc
937,937,4/3/2021,521,organic,1230,66.54,true,desktop,facebook/referral
938,938,6/27/2021,126,direct,3160,78.76,false,tablet,google/cpc
939,939,3/6/2021,569,referral,2745,8.58,true,tablet,direct/none
940,940,6/21/2021,790,referral,112,44.23,false,mobile,google/cpc
941,941,7/24/2021,310,direct,271,95.23,false,tablet,facebook/referral
942,942,3/16/2021,160,direct,1633,39.97,false,tablet,facebook/referral
943,943,6/15/2021,895,organic,3010,47.73,true,tablet,facebook/referral
944,944,7/27/2021,584,organic,918,18.27,true,mobile,direct/none
945,945,8/18/2021,496,direct,363,88.32,false,mobile,google/cpc
946,946,10/16/2021,166,organic,2256,17.06,false,tablet,facebook/referral
947,947,12/25/2021,935,direct,198,86.3,false,desktop,google/cpc
948,948,8/2/2021,739,organic,1234,23.56,false,mobile,google/cpc
949,949,8/4/2021,381,direct,2004,51.71,false,desktop,google/cpc
950,950,6/4/2021,636,referral,1270,83.73,true,tablet,facebook/referral
951,951,8/7/2021,356,referral,1542,96.93,false,mobile,facebook/referral
952,952,9/27/2021,866,referral,227,31.7,true,mobile,facebook/referral
953,953,4/9/2021,497,referral,1678,37.29,true,tablet,facebook/referral
954,954,6/27/2021,304,referral,1565,57.55,true,desktop,direct/none
955,955,9/26/2021,233,organic,525,36.96,false,desktop,google/cpc
956,956,2/20/2021,555,organic,1801,98.05,false,mobile,google/cpc
957,957,2/25/2021,25,organic,3052,90.51,true,tablet,google/cpc
958,958,2/17/2021,113,referral,2084,58.91,true,tablet,google/cpc
959,959,5/1/2021,792,referral,1340,36.33,true,desktop,google/cpc
960,960,3/12/2021,656,organic,1069,24.32,false,tablet,direct/none
961,961,11/5/2021,196,referral,2813,87.89,true,tablet,google/cpc
962,962,1/30/2021,402,organic,1384,37.8,false,desktop,direct/none
963,963,12/20/2021,494,direct,428,30.22,true,desktop,facebook/referral
964,964,12/26/2021,960,direct,3418,88.02,true,mobile,google/cpc
965,965,9/17/2021,134,referral,853,52.3,false,tablet,google/cpc
966,966,11/26/2021,942,organic,3083,59.07,true,desktop,google/cpc
967,967,5/22/2021,764,referral,16,60.28,true,mobile,direct/none
968,968,7/19/2021,454,organic,3468,69.31,true,tablet,facebook/referral
969,969,11/30/2021,658,direct,3309,50.31,false,tablet,facebook/referral
970,970,12/26/2021,487,direct,2570,84.27,false,mobile,facebook/referral
971,971,9/1/2021,401,referral,812,73.4,true,mobile,direct/none
972,972,5/29/2021,881,direct,3548,93.13,true,mobile,google/cpc
973,973,11/10/2021,846,direct,2110,54.07,true,mobile,direct/none
974,974,10/9/2021,89,direct,2984,92.36,false,tablet,direct/none
975,975,6/8/2021,266,organic,3498,87.03,true,tablet,google/cpc
976,976,8/29/2021,798,referral,2677,66.08,false,tablet,direct/none
977,977,4/26/2021,427,referral,1879,48.29,true,tablet,google/cpc
978,978,6/27/2021,715,organic,1741,50.47,false,desktop,google/cpc
979,979,10/21/2021,35,direct,2467,59.22,false,desktop,google/cpc
980,980,9/10/2021,994,referral,3394,6.77,true,desktop,google/cpc
981,981,8/30/2021,13,referral,697,75.43,false,mobile,facebook/referral
982,982,4/16/2021,531,referral,1517,47.2,false,tablet,google/cpc
983,983,5/12/2021,292,referral,1664,63.26,true,mobile,facebook/referral
984,984,2/24/2021,632,direct,681,44.92,true,desktop,facebook/referral
985,985,1/26/2021,900,direct,1506,99.36,false,desktop,facebook/referral
986,986,7/30/2021,283,referral,3416,89.18,false,tablet,direct/none
987,987,12/26/2021,715,direct,842,6.25,false,tablet,facebook/referral
988,988,11/12/2021,837,organic,3257,24.79,true,desktop,direct/none
989,989,6/27/2021,516,organic,1072,54.31,true,mobile,google/cpc
990,990,5/23/2021,765,direct,2262,81.21,true,tablet,direct/none
991,991,4/2/2021,136,direct,356,54.25,true,tablet,google/cpc
992,992,7/1/2021,709,referral,3528,19.81,false,mobile,direct/none
993,993,12/8/2021,451,direct,501,87.61,false,mobile,google/cpc
994,994,7/16/2021,965,direct,42,60.54,true,mobile,google/cpc
995,995,4/11/2021,284,direct,3487,25.64,true,desktop,google/cpc
996,996,2/2/2021,774,direct,613,69.18,false,mobile,google/cpc
997,997,10/17/2021,883,organic,601,94.97,true,mobile,direct/none
998,998,1/30/2021,304,referral,1078,94.81,false,desktop,direct/none
999,999,6/25/2021,165,organic,3329,29.13,false,tablet,google/cpc
1000,1000,7/20/2021,469,referral,3154,57.91,false,tablet,direct/none
